granularity,w_load_days,h_horizon_days,w_months_equiv,h_months_equiv,n_decision_points,n_positive_targets,roc_auc,youden_threshold,sensitivity,specificity,PPV,NPV,TP,FN,FP,TN
daily,60,90,2.0,3.0,38724,4186,0.6620419120818806,0.43629119147857026,0.7656473960821787,0.5056170015634953,0.15803747534516766,0.9468119713728042,3205,981,17075,17463
weekly,60,90,2.0,3.0,5596,600,0.6626074192687483,0.4508746408298612,0.7566666666666667,0.5182145716573259,0.1586857742048235,0.946617915904936,454,146,2407,2589
biweekly,60,90,2.0,3.0,2828,302,0.6622739404235684,0.43448121448357896,0.7748344370860927,0.505938242280285,0.15789473684210525,0.9494799405646359,234,68,1248,1278
monthly_sample,60,90,2.0,3.0,1360,145,0.6570341989499077,0.4144073635339736,0.8068965517241379,0.4831275720164609,0.15704697986577182,0.9544715447154472,117,28,628,587
weekly_collapsed,60,90,2.0,3.0,4918,560,0.6730856225004918,0.4338465631008148,0.7946428571428571,0.4960991280403855,0.1684967815221507,0.9494949494949495,445,115,2196,2162
biweekly_collapsed,60,90,2.0,3.0,2611,268,0.6590065039718183,0.40875566471368074,0.7947761194029851,0.47503201024327785,0.14760914760914762,0.9529109589041096,213,55,1230,1113
monthly_collapsed,60,90,2.0,3.0,1229,136,0.6749771271729186,0.9268385614268472,0.7647058823529411,0.5388838060384263,0.17105263157894737,0.9484702093397746,104,32,504,589
daily,60,120,2.0,4.0,36279,5432,0.67467699088088,0.48321919242540995,0.7231222385861561,0.558012124355691,0.22366473066848877,0.9196452422931025,3928,1504,13634,17213
weekly,60,120,2.0,4.0,5231,778,0.6750063646760194,0.4908732737104098,0.7210796915167095,0.5629912418594206,0.22377343438372557,0.9203377386196769,561,217,1946,2507
biweekly,60,120,2.0,4.0,2649,391,0.6728630682835001,0.5053910121321677,0.7135549872122762,0.5748449955713021,0.22518159806295399,0.9205673758865248,279,112,960,1298
monthly_sample,60,120,2.0,4.0,1277,187,0.6691164205465339,0.3863642975687981,0.8181818181818182,0.46972477064220186,0.20930232558139536,0.9377289377289377,153,34,578,512
weekly_collapsed,60,120,2.0,4.0,4618,704,0.6883053113531845,0.4338465631008148,0.7997159090909091,0.510986203372509,0.2272910779168349,0.9341429238673518,563,141,1914,2000
biweekly_collapsed,60,120,2.0,4.0,2379,383,0.6782010496188198,0.4141919715330004,0.8015665796344648,0.5025050100200401,0.23615384615384616,0.9295644114921223,307,76,993,1003
monthly_collapsed,60,120,2.0,4.0,1150,177,0.6834416244244313,0.9268385614268472,0.7570621468926554,0.5488180883864338,0.2338568935427574,0.925476603119584,134,43,439,534
daily,60,180,2.0,6.0,31906,7522,0.7060419303289529,0.5131777420639991,0.7091199149162457,0.6200787401574803,0.3653925195232224,0.8735844696094291,5334,2188,9264,15120
weekly,60,180,2.0,6.0,4615,1082,0.7065113037727725,0.5089694982351258,0.7162661737523105,0.6164732521936032,0.36384976525821594,0.8764587525150905,775,307,1355,2178
biweekly,60,180,2.0,6.0,2340,546,0.7054814379229095,0.5053910121321677,0.7234432234432234,0.6137123745819398,0.3630514705882353,0.8793929712460063,395,151,693,1101
monthly_sample,60,180,2.0,6.0,1125,263,0.7052570289273332,0.5061860266141593,0.7186311787072244,0.6125290023201856,0.361376673040153,0.8770764119601329,189,74,334,528
weekly_collapsed,60,180,2.0,6.0,4024,972,0.7172406679287414,0.4761205878522661,0.7479423868312757,0.6009174311926605,0.3737789203084833,0.8821548821548821,727,245,1218,1834
biweekly_collapsed,60,180,2.0,6.0,2108,507,0.7043317354661227,0.5313536338508129,0.6903353057199211,0.6452217364147408,0.3812636165577342,0.8680672268907563,350,157,568,1033
monthly_collapsed,60,180,2.0,6.0,1011,242,0.7128340981633333,0.9268385614268472,0.756198347107438,0.5903771131339401,0.3674698795180723,0.884990253411306,183,59,315,454
daily,90,90,3.0,3.0,38724,4186,0.6716121059538014,0.39596933358245423,0.8141423793597706,0.46340262898836065,0.15532564605077254,0.9536435678960853,3408,778,18533,16005
weekly,90,90,3.0,3.0,5596,600,0.6719065252201761,0.3943070787522528,0.82,0.46176941553242595,0.15466834328827414,0.9552795031055901,492,108,2689,2307
biweekly,90,90,3.0,3.0,2828,302,0.6708601406301615,0.39596933358245423,0.8245033112582781,0.46199524940617576,0.15485074626865672,0.9565573770491803,249,53,1359,1167
monthly_sample,90,90,3.0,3.0,1360,145,0.6684092521640415,0.3961881497047014,0.8344827586206897,0.46502057613168724,0.1569390402075227,0.9592529711375212,121,24,650,565
weekly_collapsed,90,90,3.0,3.0,4394,508,0.6968068292801537,0.49168460414959836,0.7578740157480315,0.5751415337107566,0.18909626719056974,0.9478371501272265,385,123,1651,2235
biweekly_collapsed,90,90,3.0,3.0,2334,246,0.6796191165934647,0.4354666055490573,0.7845528455284553,0.5114942528735632,0.15910964550700743,0.9527207850133809,193,53,1020,1068
monthly_collapsed,90,90,3.0,3.0,1087,125,0.6918752598752599,1.2845793417654907,0.808,0.5166320166320166,0.1784452296819788,0.9539347408829175,101,24,465,497
daily,90,120,3.0,4.0,36279,5432,0.6859662502178909,0.5688153982162476,0.6439617083946981,0.6467403637306707,0.2430010420284821,0.911624931456772,3498,1934,10897,19950
weekly,90,120,3.0,4.0,5231,778,0.6860788804174073,0.5689664358273149,0.6478149100257069,0.6465304289243207,0.24254090471607315,0.9130986362194735,504,274,1574,2879
biweekly,90,120,3.0,4.0,2649,391,0.6833401670445974,0.5385135958592097,0.6777493606138107,0.6142604074402126,0.23327464788732394,0.9167217448777264,265,126,871,1387
monthly_sample,90,120,3.0,4.0,1277,187,0.6814158857871757,0.3903514103543374,0.8288770053475936,0.4761467889908257,0.21349862258953167,0.941923774954628,155,32,571,519
weekly_collapsed,90,120,3.0,4.0,4115,634,0.7073930856737385,0.49168460414959836,0.750788643533123,0.5912094225797184,0.2506582411795682,0.9287003610108303,476,158,1423,2058
biweekly_collapsed,90,120,3.0,4.0,2118,346,0.6972184527459909,0.5123277542491754,0.7138728323699421,0.6032731376975169,0.26,0.9152397260273972,247,99,703,1069
monthly_collapsed,90,120,3.0,4.0,1015,159,0.7042114853347439,1.6107623935677098,0.7044025157232704,0.6261682242990654,0.25925925925925924,0.9193825042881647,112,47,320,536
daily,90,180,3.0,6.0,31906,7522,0.7125232192916525,0.5484821319580078,0.6734910927944695,0.6651902887139107,0.3829176114890401,0.8684943242664382,5066,2456,8164,16220
weekly,90,180,3.0,6.0,4615,1082,0.7128390203170215,0.5676344570186403,0.6589648798521257,0.6815737333710727,0.38792165397170836,0.8671227943824271,713,369,1125,2408
biweekly,90,180,3.0,6.0,2340,546,0.7116987434713187,0.5530341929652625,0.6776556776556777,0.6661092530657748,0.38183694530443757,0.8716265499635303,370,176,599,1195
monthly_sample,90,180,3.0,6.0,1125,263,0.7124513687330728,0.5498070062183943,0.6844106463878327,0.6624129930394431,0.3821656050955414,0.8730886850152905,180,83,291,571
weekly_collapsed,90,180,3.0,6.0,3570,869,0.7315084682866891,0.49001231445715976,0.7422324510932106,0.6327286190299889,0.39401343921808185,0.884117951370926,645,224,992,1709
biweekly_collapsed,90,180,3.0,6.0,1873,453,0.721408139787955,0.5123277542491754,0.7130242825607064,0.6429577464788733,0.3891566265060241,0.87535953978907,323,130,507,913
monthly_collapsed,90,180,3.0,6.0,890,216,0.7303618529508737,1.6107623935677098,0.7037037037037037,0.6646884272997032,0.4021164021164021,0.875,152,64,226,448
daily,120,90,4.0,3.0,38724,4186,0.6814858251643696,0.3944242280597488,0.8339703774486383,0.46713764549192194,0.15944279515871204,0.9587022401806405,3491,695,18404,16134
weekly,120,90,4.0,3.0,5596,600,0.6816589938617561,0.39455771988088434,0.8383333333333334,0.46717373899119297,0.15892575039494472,0.9600987248046071,503,97,2662,2334
biweekly,120,90,4.0,3.0,2828,302,0.6803941000351312,0.39279266018420456,0.8410596026490066,0.4651623119556611,0.15825545171339564,0.9607522485690924,254,48,1351,1175
monthly_sample,120,90,4.0,3.0,1360,145,0.6791883070810274,0.3887726873625069,0.8482758620689655,0.4609053497942387,0.15809768637532134,0.9621993127147767,123,22,655,560
weekly_collapsed,120,90,4.0,3.0,3925,462,0.7088053923167986,0.4055592877899899,0.854978354978355,0.48888247184522093,0.18244803695150116,0.9619318181818182,395,67,1770,1693
biweekly_collapsed,120,90,4.0,3.0,1972,214,0.7006820622415022,0.43038439460926586,0.8037383177570093,0.5164960182025028,0.16829745596868884,0.9557894736842105,172,42,850,908
monthly_collapsed,120,90,4.0,3.0,964,114,0.7024148606811146,1.5741649698466036,0.8596491228070176,0.48470588235294115,0.1828358208955224,0.9626168224299065,98,16,438,412
daily,120,120,4.0,4.0,36279,5432,0.6940964671568017,0.39455771988088434,0.8203240058910162,0.4826725451421532,0.21828157147055943,0.9384809328710999,4456,976,15958,14889
weekly,120,120,4.0,4.0,5231,778,0.6940253443996912,0.39455771988088434,0.8239074550128535,0.48192229957332133,0.21743554952510177,0.9399912395970215,641,137,2307,2146
biweekly,120,120,4.0,4.0,2649,391,0.6910309238649055,0.39279266018420456,0.8235294117647058,0.4782993799822852,0.21466666666666667,0.9399477806788512,322,69,1178,1080
monthly_sample,120,120,4.0,4.0,1277,187,0.6909483393023598,0.3887726873625069,0.839572192513369,0.4761467889908257,0.21565934065934067,0.9453551912568307,157,30,571,519
weekly_collapsed,120,120,4.0,4.0,3678,573,0.7190389873901522,0.38698810338974,0.8691099476439791,0.4821256038647343,0.23646723646723647,0.9522900763358778,498,75,1608,1497
biweekly_collapsed,120,120,4.0,4.0,1789,296,0.7170806104161764,0.5933437504702144,0.6418918918918919,0.696584058941728,0.2954898911353033,0.9075043630017452,190,106,453,1040
monthly_collapsed,120,120,4.0,4.0,900,144,0.7153053350970018,1.5741649698466036,0.8541666666666666,0.503968253968254,0.2469879518072289,0.9477611940298507,123,21,375,381
daily,120,180,4.0,6.0,31906,7522,0.7160722494200739,0.5573132149875164,0.6616591332092528,0.676755249343832,0.38704409363091996,0.8663831574526172,4977,2545,7882,16502
weekly,120,180,4.0,6.0,4615,1082,0.7160380630893404,0.5645237719019254,0.6598890942698706,0.6807245966600622,0.38762214983713356,0.867291741795889,714,368,1128,2405
biweekly,120,180,4.0,6.0,2340,546,0.7147941244931212,0.547826971967394,0.6758241758241759,0.6672240802675585,0.38198757763975155,0.87117903930131,369,177,597,1197
monthly_sample,120,180,4.0,6.0,1125,263,0.7159537021516855,0.5498070062183943,0.6806083650190115,0.665893271461717,0.38329764453961457,0.8723404255319149,179,84,288,574
weekly_collapsed,120,180,4.0,6.0,3155,787,0.7395606176379683,0.5487409387441242,0.6658195679796697,0.7052364864864865,0.4288052373158756,0.8639420589756854,524,263,698,1670
biweekly_collapsed,120,180,4.0,6.0,1557,390,0.736354448179641,0.5933437504702144,0.6384615384615384,0.739502999143102,0.45027124773960214,0.8595617529880478,249,141,304,863
monthly_collapsed,120,180,4.0,6.0,783,195,0.7368393511250655,2.1953604216687364,0.6820512820512821,0.6972789115646258,0.42765273311897106,0.8686440677966102,133,62,178,410
