"Sample","TP53","PLEC","General"
"11003",0,1,0
"11004",0,0,1
"11005",0,0,1
"11006",0,1,1
"11007",0,0,1
"11008",0,1,0
"11009",0,1,1
"11010",0,0,1
"11011",0,1,1
"12001",0,0,0
"12002",0,1,1
"12003",1,1,0
"12005",0,0,1
"12006",0,0,1
"12007",0,0,0
"13003",0,0,0
"13007",1,0,1
"13008",1,0,0
"13009",1,1,0
"21001",0,0,1
"22001",0,0,0
"22004",0,0,1
"23001",0,0,NA
"23002",1,1,1
"23003",1,0,0
"23005",1,0,0
"23007",0,0,1
"23008",1,1,0
"23015",0,1,1
"31003",1,1,1
"31004",0,1,1
"31005",0,1,1
"31007",0,1,1
"31008",0,0,1
"31009",0,0,0
"31010",0,1,1
"31011",0,0,1
"31012",0,0,1
"31013",0,1,0
"31014",0,1,0
"41001",0,0,1
"41002",1,0,0
"41003",0,0,1
"41005",0,1,0
"41006",0,1,1
"41007",0,0,1
"41009",0,1,1
"41010",0,1,0
"41011",1,0,0
"41012",0,1,0
"41013",0,1,0
"41014",0,1,0
"41024",0,1,1
"41025",0,0,1
"41026",0,0,1
"41028",0,0,0
"42003",0,1,1
"51001",0,1,1
"51004",1,1,1
"51009",0,0,0
"53001",1,1,1
"53002",0,1,1
"61001",0,1,1
"61002",0,1,1
"61004",0,0,NA
"61005",0,1,1
"61006",0,0,NA
"62001",1,1,0
"62002",1,0,0
"62004",0,0,1
"62005",0,1,1
"63001",0,0,0
"63003",1,1,NA
"71003",0,0,1
"71007",1,1,1
"71008",0,0,1
"71010",0,1,1
"71012",0,1,1
"72001",1,0,0
"73001",0,1,0
"73002",0,0,0
"73003",1,1,0
"73004",0,1,0
"73005",1,1,1
"73009",1,0,0
"81001",1,1,0
"81003",0,0,1
"81004",1,1,0
"81005",0,0,1
"81007",0,1,0
"91001",0,0,0
"91002",0,1,1
"91003",1,1,1
"91004",1,0,0
